{"assets/map/anholt_osmbright/12/2177/1259.png":["assets/map/anholt_osmbright/12/2177/1259.png"],"assets/map/anholt_osmbright/12/2178/1259.png":["assets/map/anholt_osmbright/12/2178/1259.png"],"assets/map/anholt_osmbright/12/2179/1259.png":["assets/map/anholt_osmbright/12/2179/1259.png"],"assets/map/anholt_osmbright/12/2180/1259.png":["assets/map/anholt_osmbright/12/2180/1259.png"],"assets/map/anholt_osmbright/12/2181/1259.png":["assets/map/anholt_osmbright/12/2181/1259.png"],"assets/map/anholt_osmbright/12/2177/1260.png":["assets/map/anholt_osmbright/12/2177/1260.png"],"assets/map/anholt_osmbright/12/2178/1260.png":["assets/map/anholt_osmbright/12/2178/1260.png"],"assets/map/anholt_osmbright/12/2179/1260.png":["assets/map/anholt_osmbright/12/2179/1260.png"],"assets/map/anholt_osmbright/12/2180/1260.png":["assets/map/anholt_osmbright/12/2180/1260.png"],"assets/map/anholt_osmbright/12/2181/1260.png":["assets/map/anholt_osmbright/12/2181/1260.png"],"assets/map/anholt_osmbright/12/2177/1261.png":["assets/map/anholt_osmbright/12/2177/1261.png"],"assets/map/anholt_osmbright/12/2178/1261.png":["assets/map/anholt_osmbright/12/2178/1261.png"],"assets/map/anholt_osmbright/12/2179/1261.png":["assets/map/anholt_osmbright/12/2179/1261.png"],"assets/map/anholt_osmbright/12/2180/1261.png":["assets/map/anholt_osmbright/12/2180/1261.png"],"assets/map/anholt_osmbright/12/2181/1261.png":["assets/map/anholt_osmbright/12/2181/1261.png"],"assets/map/anholt_osmbright/12/2177/1262.png":["assets/map/anholt_osmbright/12/2177/1262.png"],"assets/map/anholt_osmbright/12/2178/1262.png":["assets/map/anholt_osmbright/12/2178/1262.png"],"assets/map/anholt_osmbright/12/2179/1262.png":["assets/map/anholt_osmbright/12/2179/1262.png"],"assets/map/anholt_osmbright/12/2180/1262.png":["assets/map/anholt_osmbright/12/2180/1262.png"],"assets/map/anholt_osmbright/12/2181/1262.png":["assets/map/anholt_osmbright/12/2181/1262.png"],"assets/map/anholt_osmbright/13/4357/2518.png":["assets/map/anholt_osmbright/13/4357/2518.png"],"assets/map/anholt_osmbright/13/4354/2518.png":["assets/map/anholt_osmbright/13/4354/2518.png"],"assets/map/anholt_osmbright/13/4362/2518.png":["assets/map/anholt_osmbright/13/4362/2518.png"],"assets/map/anholt_osmbright/13/4361/2518.png":["assets/map/anholt_osmbright/13/4361/2518.png"],"assets/map/anholt_osmbright/13/4360/2518.png":["assets/map/anholt_osmbright/13/4360/2518.png"],"assets/map/anholt_osmbright/13/4359/2518.png":["assets/map/anholt_osmbright/13/4359/2518.png"],"assets/map/anholt_osmbright/13/4358/2518.png":["assets/map/anholt_osmbright/13/4358/2518.png"],"assets/map/anholt_osmbright/13/4356/2518.png":["assets/map/anholt_osmbright/13/4356/2518.png"],"assets/map/anholt_osmbright/13/4363/2518.png":["assets/map/anholt_osmbright/13/4363/2518.png"],"assets/map/anholt_osmbright/13/4355/2518.png":["assets/map/anholt_osmbright/13/4355/2518.png"],"assets/map/anholt_osmbright/13/4354/2519.png":["assets/map/anholt_osmbright/13/4354/2519.png"],"assets/map/anholt_osmbright/13/4356/2519.png":["assets/map/anholt_osmbright/13/4356/2519.png"],"assets/map/anholt_osmbright/13/4355/2519.png":["assets/map/anholt_osmbright/13/4355/2519.png"],"assets/map/anholt_osmbright/13/4357/2519.png":["assets/map/anholt_osmbright/13/4357/2519.png"],"assets/map/anholt_osmbright/13/4360/2519.png":["assets/map/anholt_osmbright/13/4360/2519.png"],"assets/map/anholt_osmbright/13/4358/2519.png":["assets/map/anholt_osmbright/13/4358/2519.png"],"assets/map/anholt_osmbright/13/4359/2519.png":["assets/map/anholt_osmbright/13/4359/2519.png"],"assets/map/anholt_osmbright/13/4361/2519.png":["assets/map/anholt_osmbright/13/4361/2519.png"],"assets/map/anholt_osmbright/13/4362/2519.png":["assets/map/anholt_osmbright/13/4362/2519.png"],"assets/map/anholt_osmbright/13/4363/2519.png":["assets/map/anholt_osmbright/13/4363/2519.png"],"assets/map/anholt_osmbright/13/4355/2520.png":["assets/map/anholt_osmbright/13/4355/2520.png"],"assets/map/anholt_osmbright/13/4356/2520.png":["assets/map/anholt_osmbright/13/4356/2520.png"],"assets/map/anholt_osmbright/13/4357/2520.png":["assets/map/anholt_osmbright/13/4357/2520.png"],"assets/map/anholt_osmbright/13/4358/2520.png":["assets/map/anholt_osmbright/13/4358/2520.png"],"assets/map/anholt_osmbright/13/4354/2520.png":["assets/map/anholt_osmbright/13/4354/2520.png"],"assets/map/anholt_osmbright/13/4359/2520.png":["assets/map/anholt_osmbright/13/4359/2520.png"],"assets/map/anholt_osmbright/13/4360/2520.png":["assets/map/anholt_osmbright/13/4360/2520.png"],"assets/map/anholt_osmbright/13/4361/2520.png":["assets/map/anholt_osmbright/13/4361/2520.png"],"assets/map/anholt_osmbright/13/4362/2520.png":["assets/map/anholt_osmbright/13/4362/2520.png"],"assets/map/anholt_osmbright/13/4363/2520.png":["assets/map/anholt_osmbright/13/4363/2520.png"],"assets/map/anholt_osmbright/13/4355/2521.png":["assets/map/anholt_osmbright/13/4355/2521.png"],"assets/map/anholt_osmbright/13/4356/2521.png":["assets/map/anholt_osmbright/13/4356/2521.png"],"assets/map/anholt_osmbright/13/4357/2521.png":["assets/map/anholt_osmbright/13/4357/2521.png"],"assets/map/anholt_osmbright/13/4354/2521.png":["assets/map/anholt_osmbright/13/4354/2521.png"],"assets/map/anholt_osmbright/13/4358/2521.png":["assets/map/anholt_osmbright/13/4358/2521.png"],"assets/map/anholt_osmbright/13/4359/2521.png":["assets/map/anholt_osmbright/13/4359/2521.png"],"assets/map/anholt_osmbright/13/4360/2521.png":["assets/map/anholt_osmbright/13/4360/2521.png"],"assets/map/anholt_osmbright/13/4361/2521.png":["assets/map/anholt_osmbright/13/4361/2521.png"],"assets/map/anholt_osmbright/13/4362/2521.png":["assets/map/anholt_osmbright/13/4362/2521.png"],"assets/map/anholt_osmbright/13/4363/2521.png":["assets/map/anholt_osmbright/13/4363/2521.png"],"assets/map/anholt_osmbright/13/4357/2522.png":["assets/map/anholt_osmbright/13/4357/2522.png"],"assets/map/anholt_osmbright/13/4356/2522.png":["assets/map/anholt_osmbright/13/4356/2522.png"],"assets/map/anholt_osmbright/13/4355/2522.png":["assets/map/anholt_osmbright/13/4355/2522.png"],"assets/map/anholt_osmbright/13/4354/2522.png":["assets/map/anholt_osmbright/13/4354/2522.png"],"assets/map/anholt_osmbright/13/4360/2522.png":["assets/map/anholt_osmbright/13/4360/2522.png"],"assets/map/anholt_osmbright/13/4361/2522.png":["assets/map/anholt_osmbright/13/4361/2522.png"],"assets/map/anholt_osmbright/13/4358/2522.png":["assets/map/anholt_osmbright/13/4358/2522.png"],"assets/map/anholt_osmbright/13/4362/2522.png":["assets/map/anholt_osmbright/13/4362/2522.png"],"assets/map/anholt_osmbright/13/4363/2522.png":["assets/map/anholt_osmbright/13/4363/2522.png"],"assets/map/anholt_osmbright/13/4359/2522.png":["assets/map/anholt_osmbright/13/4359/2522.png"],"assets/map/anholt_osmbright/13/4360/2523.png":["assets/map/anholt_osmbright/13/4360/2523.png"],"assets/map/anholt_osmbright/13/4358/2523.png":["assets/map/anholt_osmbright/13/4358/2523.png"],"assets/map/anholt_osmbright/13/4354/2523.png":["assets/map/anholt_osmbright/13/4354/2523.png"],"assets/map/anholt_osmbright/13/4361/2523.png":["assets/map/anholt_osmbright/13/4361/2523.png"],"assets/map/anholt_osmbright/13/4355/2523.png":["assets/map/anholt_osmbright/13/4355/2523.png"],"assets/map/anholt_osmbright/13/4362/2523.png":["assets/map/anholt_osmbright/13/4362/2523.png"],"assets/map/anholt_osmbright/13/4357/2523.png":["assets/map/anholt_osmbright/13/4357/2523.png"],"assets/map/anholt_osmbright/13/4356/2523.png":["assets/map/anholt_osmbright/13/4356/2523.png"],"assets/map/anholt_osmbright/13/4363/2523.png":["assets/map/anholt_osmbright/13/4363/2523.png"],"assets/map/anholt_osmbright/13/4359/2523.png":["assets/map/anholt_osmbright/13/4359/2523.png"],"assets/map/anholt_osmbright/13/4354/2524.png":["assets/map/anholt_osmbright/13/4354/2524.png"],"assets/map/anholt_osmbright/13/4356/2524.png":["assets/map/anholt_osmbright/13/4356/2524.png"],"assets/map/anholt_osmbright/13/4359/2524.png":["assets/map/anholt_osmbright/13/4359/2524.png"],"assets/map/anholt_osmbright/13/4363/2524.png":["assets/map/anholt_osmbright/13/4363/2524.png"],"assets/map/anholt_osmbright/13/4357/2524.png":["assets/map/anholt_osmbright/13/4357/2524.png"],"assets/map/anholt_osmbright/13/4361/2524.png":["assets/map/anholt_osmbright/13/4361/2524.png"],"assets/map/anholt_osmbright/13/4362/2524.png":["assets/map/anholt_osmbright/13/4362/2524.png"],"assets/map/anholt_osmbright/13/4358/2524.png":["assets/map/anholt_osmbright/13/4358/2524.png"],"assets/map/anholt_osmbright/13/4355/2524.png":["assets/map/anholt_osmbright/13/4355/2524.png"],"assets/map/anholt_osmbright/13/4360/2524.png":["assets/map/anholt_osmbright/13/4360/2524.png"],"assets/map/anholt_osmbright/14/8722/5036.png":["assets/map/anholt_osmbright/14/8722/5036.png"],"assets/map/anholt_osmbright/14/8721/5036.png":["assets/map/anholt_osmbright/14/8721/5036.png"],"assets/map/anholt_osmbright/14/8709/5036.png":["assets/map/anholt_osmbright/14/8709/5036.png"],"assets/map/anholt_osmbright/14/8725/5036.png":["assets/map/anholt_osmbright/14/8725/5036.png"],"assets/map/anholt_osmbright/14/8723/5036.png":["assets/map/anholt_osmbright/14/8723/5036.png"],"assets/map/anholt_osmbright/14/8727/5036.png":["assets/map/anholt_osmbright/14/8727/5036.png"],"assets/map/anholt_osmbright/14/8719/5036.png":["assets/map/anholt_osmbright/14/8719/5036.png"],"assets/map/anholt_osmbright/14/8711/5036.png":["assets/map/anholt_osmbright/14/8711/5036.png"],"assets/map/anholt_osmbright/14/8718/5036.png":["assets/map/anholt_osmbright/14/8718/5036.png"],"assets/map/anholt_osmbright/14/8724/5036.png":["assets/map/anholt_osmbright/14/8724/5036.png"],"assets/map/anholt_osmbright/14/8726/5036.png":["assets/map/anholt_osmbright/14/8726/5036.png"],"assets/map/anholt_osmbright/14/8712/5036.png":["assets/map/anholt_osmbright/14/8712/5036.png"],"assets/map/anholt_osmbright/14/8717/5036.png":["assets/map/anholt_osmbright/14/8717/5036.png"],"assets/map/anholt_osmbright/14/8713/5036.png":["assets/map/anholt_osmbright/14/8713/5036.png"],"assets/map/anholt_osmbright/14/8716/5036.png":["assets/map/anholt_osmbright/14/8716/5036.png"],"assets/map/anholt_osmbright/14/8714/5036.png":["assets/map/anholt_osmbright/14/8714/5036.png"],"assets/map/anholt_osmbright/14/8715/5036.png":["assets/map/anholt_osmbright/14/8715/5036.png"],"assets/map/anholt_osmbright/14/8720/5036.png":["assets/map/anholt_osmbright/14/8720/5036.png"],"assets/map/anholt_osmbright/14/8710/5036.png":["assets/map/anholt_osmbright/14/8710/5036.png"],"assets/map/anholt_osmbright/14/8714/5037.png":["assets/map/anholt_osmbright/14/8714/5037.png"],"assets/map/anholt_osmbright/14/8715/5037.png":["assets/map/anholt_osmbright/14/8715/5037.png"],"assets/map/anholt_osmbright/14/8713/5037.png":["assets/map/anholt_osmbright/14/8713/5037.png"],"assets/map/anholt_osmbright/14/8716/5037.png":["assets/map/anholt_osmbright/14/8716/5037.png"],"assets/map/anholt_osmbright/14/8724/5037.png":["assets/map/anholt_osmbright/14/8724/5037.png"],"assets/map/anholt_osmbright/14/8712/5037.png":["assets/map/anholt_osmbright/14/8712/5037.png"],"assets/map/anholt_osmbright/14/8717/5037.png":["assets/map/anholt_osmbright/14/8717/5037.png"],"assets/map/anholt_osmbright/14/8726/5037.png":["assets/map/anholt_osmbright/14/8726/5037.png"],"assets/map/anholt_osmbright/14/8711/5037.png":["assets/map/anholt_osmbright/14/8711/5037.png"],"assets/map/anholt_osmbright/14/8718/5037.png":["assets/map/anholt_osmbright/14/8718/5037.png"],"assets/map/anholt_osmbright/14/8723/5037.png":["assets/map/anholt_osmbright/14/8723/5037.png"],"assets/map/anholt_osmbright/14/8710/5037.png":["assets/map/anholt_osmbright/14/8710/5037.png"],"assets/map/anholt_osmbright/14/8719/5037.png":["assets/map/anholt_osmbright/14/8719/5037.png"],"assets/map/anholt_osmbright/14/8727/5037.png":["assets/map/anholt_osmbright/14/8727/5037.png"],"assets/map/anholt_osmbright/14/8709/5037.png":["assets/map/anholt_osmbright/14/8709/5037.png"],"assets/map/anholt_osmbright/14/8720/5037.png":["assets/map/anholt_osmbright/14/8720/5037.png"],"assets/map/anholt_osmbright/14/8722/5037.png":["assets/map/anholt_osmbright/14/8722/5037.png"],"assets/map/anholt_osmbright/14/8721/5037.png":["assets/map/anholt_osmbright/14/8721/5037.png"],"assets/map/anholt_osmbright/14/8725/5037.png":["assets/map/anholt_osmbright/14/8725/5037.png"],"assets/map/anholt_osmbright/14/8723/5038.png":["assets/map/anholt_osmbright/14/8723/5038.png"],"assets/map/anholt_osmbright/14/8710/5038.png":["assets/map/anholt_osmbright/14/8710/5038.png"],"assets/map/anholt_osmbright/14/8726/5038.png":["assets/map/anholt_osmbright/14/8726/5038.png"],"assets/map/anholt_osmbright/14/8709/5038.png":["assets/map/anholt_osmbright/14/8709/5038.png"],"assets/map/anholt_osmbright/14/8722/5038.png":["assets/map/anholt_osmbright/14/8722/5038.png"],"assets/map/anholt_osmbright/14/8712/5038.png":["assets/map/anholt_osmbright/14/8712/5038.png"],"assets/map/anholt_osmbright/14/8713/5038.png":["assets/map/anholt_osmbright/14/8713/5038.png"],"assets/map/anholt_osmbright/14/8725/5038.png":["assets/map/anholt_osmbright/14/8725/5038.png"],"assets/map/anholt_osmbright/14/8721/5038.png":["assets/map/anholt_osmbright/14/8721/5038.png"],"assets/map/anholt_osmbright/14/8714/5038.png":["assets/map/anholt_osmbright/14/8714/5038.png"],"assets/map/anholt_osmbright/14/8711/5038.png":["assets/map/anholt_osmbright/14/8711/5038.png"],"assets/map/anholt_osmbright/14/8717/5038.png":["assets/map/anholt_osmbright/14/8717/5038.png"],"assets/map/anholt_osmbright/14/8727/5038.png":["assets/map/anholt_osmbright/14/8727/5038.png"],"assets/map/anholt_osmbright/14/8720/5038.png":["assets/map/anholt_osmbright/14/8720/5038.png"],"assets/map/anholt_osmbright/14/8724/5038.png":["assets/map/anholt_osmbright/14/8724/5038.png"],"assets/map/anholt_osmbright/14/8715/5038.png":["assets/map/anholt_osmbright/14/8715/5038.png"],"assets/map/anholt_osmbright/14/8719/5038.png":["assets/map/anholt_osmbright/14/8719/5038.png"],"assets/map/anholt_osmbright/14/8716/5038.png":["assets/map/anholt_osmbright/14/8716/5038.png"],"assets/map/anholt_osmbright/14/8718/5038.png":["assets/map/anholt_osmbright/14/8718/5038.png"],"assets/map/anholt_osmbright/14/8721/5039.png":["assets/map/anholt_osmbright/14/8721/5039.png"],"assets/map/anholt_osmbright/14/8715/5039.png":["assets/map/anholt_osmbright/14/8715/5039.png"],"assets/map/anholt_osmbright/14/8714/5039.png":["assets/map/anholt_osmbright/14/8714/5039.png"],"assets/map/anholt_osmbright/14/8719/5039.png":["assets/map/anholt_osmbright/14/8719/5039.png"],"assets/map/anholt_osmbright/14/8725/5039.png":["assets/map/anholt_osmbright/14/8725/5039.png"],"assets/map/anholt_osmbright/14/8716/5039.png":["assets/map/anholt_osmbright/14/8716/5039.png"],"assets/map/anholt_osmbright/14/8713/5039.png":["assets/map/anholt_osmbright/14/8713/5039.png"],"assets/map/anholt_osmbright/14/8711/5039.png":["assets/map/anholt_osmbright/14/8711/5039.png"],"assets/map/anholt_osmbright/14/8724/5039.png":["assets/map/anholt_osmbright/14/8724/5039.png"],"assets/map/anholt_osmbright/14/8727/5039.png":["assets/map/anholt_osmbright/14/8727/5039.png"],"assets/map/anholt_osmbright/14/8720/5039.png":["assets/map/anholt_osmbright/14/8720/5039.png"],"assets/map/anholt_osmbright/14/8710/5039.png":["assets/map/anholt_osmbright/14/8710/5039.png"],"assets/map/anholt_osmbright/14/8722/5039.png":["assets/map/anholt_osmbright/14/8722/5039.png"],"assets/map/anholt_osmbright/14/8717/5039.png":["assets/map/anholt_osmbright/14/8717/5039.png"],"assets/map/anholt_osmbright/14/8709/5039.png":["assets/map/anholt_osmbright/14/8709/5039.png"],"assets/map/anholt_osmbright/14/8718/5039.png":["assets/map/anholt_osmbright/14/8718/5039.png"],"assets/map/anholt_osmbright/14/8726/5039.png":["assets/map/anholt_osmbright/14/8726/5039.png"],"assets/map/anholt_osmbright/14/8723/5039.png":["assets/map/anholt_osmbright/14/8723/5039.png"],"assets/map/anholt_osmbright/14/8712/5039.png":["assets/map/anholt_osmbright/14/8712/5039.png"],"assets/map/anholt_osmbright/14/8717/5040.png":["assets/map/anholt_osmbright/14/8717/5040.png"],"assets/map/anholt_osmbright/14/8727/5040.png":["assets/map/anholt_osmbright/14/8727/5040.png"],"assets/map/anholt_osmbright/14/8710/5040.png":["assets/map/anholt_osmbright/14/8710/5040.png"],"assets/map/anholt_osmbright/14/8709/5040.png":["assets/map/anholt_osmbright/14/8709/5040.png"],"assets/map/anholt_osmbright/14/8722/5040.png":["assets/map/anholt_osmbright/14/8722/5040.png"],"assets/map/anholt_osmbright/14/8715/5040.png":["assets/map/anholt_osmbright/14/8715/5040.png"],"assets/map/anholt_osmbright/14/8713/5040.png":["assets/map/anholt_osmbright/14/8713/5040.png"],"assets/map/anholt_osmbright/14/8721/5040.png":["assets/map/anholt_osmbright/14/8721/5040.png"],"assets/map/anholt_osmbright/14/8716/5040.png":["assets/map/anholt_osmbright/14/8716/5040.png"],"assets/map/anholt_osmbright/14/8725/5040.png":["assets/map/anholt_osmbright/14/8725/5040.png"],"assets/map/anholt_osmbright/14/8723/5040.png":["assets/map/anholt_osmbright/14/8723/5040.png"],"assets/map/anholt_osmbright/14/8711/5040.png":["assets/map/anholt_osmbright/14/8711/5040.png"],"assets/map/anholt_osmbright/14/8712/5040.png":["assets/map/anholt_osmbright/14/8712/5040.png"],"assets/map/anholt_osmbright/14/8726/5040.png":["assets/map/anholt_osmbright/14/8726/5040.png"],"assets/map/anholt_osmbright/14/8714/5040.png":["assets/map/anholt_osmbright/14/8714/5040.png"],"assets/map/anholt_osmbright/14/8718/5040.png":["assets/map/anholt_osmbright/14/8718/5040.png"],"assets/map/anholt_osmbright/14/8720/5040.png":["assets/map/anholt_osmbright/14/8720/5040.png"],"assets/map/anholt_osmbright/14/8724/5040.png":["assets/map/anholt_osmbright/14/8724/5040.png"],"assets/map/anholt_osmbright/14/8719/5040.png":["assets/map/anholt_osmbright/14/8719/5040.png"],"assets/map/anholt_osmbright/14/8720/5041.png":["assets/map/anholt_osmbright/14/8720/5041.png"],"assets/map/anholt_osmbright/14/8719/5041.png":["assets/map/anholt_osmbright/14/8719/5041.png"],"assets/map/anholt_osmbright/14/8718/5041.png":["assets/map/anholt_osmbright/14/8718/5041.png"],"assets/map/anholt_osmbright/14/8716/5041.png":["assets/map/anholt_osmbright/14/8716/5041.png"],"assets/map/anholt_osmbright/14/8715/5041.png":["assets/map/anholt_osmbright/14/8715/5041.png"],"assets/map/anholt_osmbright/14/8709/5041.png":["assets/map/anholt_osmbright/14/8709/5041.png"],"assets/map/anholt_osmbright/14/8714/5041.png":["assets/map/anholt_osmbright/14/8714/5041.png"],"assets/map/anholt_osmbright/14/8724/5041.png":["assets/map/anholt_osmbright/14/8724/5041.png"],"assets/map/anholt_osmbright/14/8722/5041.png":["assets/map/anholt_osmbright/14/8722/5041.png"],"assets/map/anholt_osmbright/14/8725/5041.png":["assets/map/anholt_osmbright/14/8725/5041.png"],"assets/map/anholt_osmbright/14/8717/5041.png":["assets/map/anholt_osmbright/14/8717/5041.png"],"assets/map/anholt_osmbright/14/8721/5041.png":["assets/map/anholt_osmbright/14/8721/5041.png"],"assets/map/anholt_osmbright/14/8712/5041.png":["assets/map/anholt_osmbright/14/8712/5041.png"],"assets/map/anholt_osmbright/14/8726/5041.png":["assets/map/anholt_osmbright/14/8726/5041.png"],"assets/map/anholt_osmbright/14/8710/5041.png":["assets/map/anholt_osmbright/14/8710/5041.png"],"assets/map/anholt_osmbright/14/8713/5041.png":["assets/map/anholt_osmbright/14/8713/5041.png"],"assets/map/anholt_osmbright/14/8727/5041.png":["assets/map/anholt_osmbright/14/8727/5041.png"],"assets/map/anholt_osmbright/14/8723/5041.png":["assets/map/anholt_osmbright/14/8723/5041.png"],"assets/map/anholt_osmbright/14/8711/5041.png":["assets/map/anholt_osmbright/14/8711/5041.png"],"assets/map/anholt_osmbright/14/8719/5042.png":["assets/map/anholt_osmbright/14/8719/5042.png"],"assets/map/anholt_osmbright/14/8713/5042.png":["assets/map/anholt_osmbright/14/8713/5042.png"],"assets/map/anholt_osmbright/14/8711/5042.png":["assets/map/anholt_osmbright/14/8711/5042.png"],"assets/map/anholt_osmbright/14/8726/5042.png":["assets/map/anholt_osmbright/14/8726/5042.png"],"assets/map/anholt_osmbright/14/8715/5042.png":["assets/map/anholt_osmbright/14/8715/5042.png"],"assets/map/anholt_osmbright/14/8720/5042.png":["assets/map/anholt_osmbright/14/8720/5042.png"],"assets/map/anholt_osmbright/14/8710/5042.png":["assets/map/anholt_osmbright/14/8710/5042.png"],"assets/map/anholt_osmbright/14/8722/5042.png":["assets/map/anholt_osmbright/14/8722/5042.png"],"assets/map/anholt_osmbright/14/8724/5042.png":["assets/map/anholt_osmbright/14/8724/5042.png"],"assets/map/anholt_osmbright/14/8712/5042.png":["assets/map/anholt_osmbright/14/8712/5042.png"],"assets/map/anholt_osmbright/14/8714/5042.png":["assets/map/anholt_osmbright/14/8714/5042.png"],"assets/map/anholt_osmbright/14/8709/5042.png":["assets/map/anholt_osmbright/14/8709/5042.png"],"assets/map/anholt_osmbright/14/8725/5042.png":["assets/map/anholt_osmbright/14/8725/5042.png"],"assets/map/anholt_osmbright/14/8716/5042.png":["assets/map/anholt_osmbright/14/8716/5042.png"],"assets/map/anholt_osmbright/14/8718/5042.png":["assets/map/anholt_osmbright/14/8718/5042.png"],"assets/map/anholt_osmbright/14/8727/5042.png":["assets/map/anholt_osmbright/14/8727/5042.png"],"assets/map/anholt_osmbright/14/8721/5042.png":["assets/map/anholt_osmbright/14/8721/5042.png"],"assets/map/anholt_osmbright/14/8717/5042.png":["assets/map/anholt_osmbright/14/8717/5042.png"],"assets/map/anholt_osmbright/14/8723/5042.png":["assets/map/anholt_osmbright/14/8723/5042.png"],"assets/map/anholt_osmbright/14/8720/5043.png":["assets/map/anholt_osmbright/14/8720/5043.png"],"assets/map/anholt_osmbright/14/8718/5043.png":["assets/map/anholt_osmbright/14/8718/5043.png"],"assets/map/anholt_osmbright/14/8721/5043.png":["assets/map/anholt_osmbright/14/8721/5043.png"],"assets/map/anholt_osmbright/14/8727/5043.png":["assets/map/anholt_osmbright/14/8727/5043.png"],"assets/map/anholt_osmbright/14/8714/5043.png":["assets/map/anholt_osmbright/14/8714/5043.png"],"assets/map/anholt_osmbright/14/8723/5043.png":["assets/map/anholt_osmbright/14/8723/5043.png"],"assets/map/anholt_osmbright/14/8710/5043.png":["assets/map/anholt_osmbright/14/8710/5043.png"],"assets/map/anholt_osmbright/14/8724/5043.png":["assets/map/anholt_osmbright/14/8724/5043.png"],"assets/map/anholt_osmbright/14/8717/5043.png":["assets/map/anholt_osmbright/14/8717/5043.png"],"assets/map/anholt_osmbright/14/8715/5043.png":["assets/map/anholt_osmbright/14/8715/5043.png"],"assets/map/anholt_osmbright/14/8719/5043.png":["assets/map/anholt_osmbright/14/8719/5043.png"],"assets/map/anholt_osmbright/14/8726/5043.png":["assets/map/anholt_osmbright/14/8726/5043.png"],"assets/map/anholt_osmbright/14/8722/5043.png":["assets/map/anholt_osmbright/14/8722/5043.png"],"assets/map/anholt_osmbright/14/8713/5043.png":["assets/map/anholt_osmbright/14/8713/5043.png"],"assets/map/anholt_osmbright/14/8712/5043.png":["assets/map/anholt_osmbright/14/8712/5043.png"],"assets/map/anholt_osmbright/14/8725/5043.png":["assets/map/anholt_osmbright/14/8725/5043.png"],"assets/map/anholt_osmbright/14/8711/5043.png":["assets/map/anholt_osmbright/14/8711/5043.png"],"assets/map/anholt_osmbright/14/8716/5043.png":["assets/map/anholt_osmbright/14/8716/5043.png"],"assets/map/anholt_osmbright/14/8709/5043.png":["assets/map/anholt_osmbright/14/8709/5043.png"],"assets/map/anholt_osmbright/14/8717/5044.png":["assets/map/anholt_osmbright/14/8717/5044.png"],"assets/map/anholt_osmbright/14/8712/5044.png":["assets/map/anholt_osmbright/14/8712/5044.png"],"assets/map/anholt_osmbright/14/8722/5044.png":["assets/map/anholt_osmbright/14/8722/5044.png"],"assets/map/anholt_osmbright/14/8726/5044.png":["assets/map/anholt_osmbright/14/8726/5044.png"],"assets/map/anholt_osmbright/14/8718/5044.png":["assets/map/anholt_osmbright/14/8718/5044.png"],"assets/map/anholt_osmbright/14/8724/5044.png":["assets/map/anholt_osmbright/14/8724/5044.png"],"assets/map/anholt_osmbright/14/8723/5044.png":["assets/map/anholt_osmbright/14/8723/5044.png"],"assets/map/anholt_osmbright/14/8714/5044.png":["assets/map/anholt_osmbright/14/8714/5044.png"],"assets/map/anholt_osmbright/14/8720/5044.png":["assets/map/anholt_osmbright/14/8720/5044.png"],"assets/map/anholt_osmbright/14/8709/5044.png":["assets/map/anholt_osmbright/14/8709/5044.png"],"assets/map/anholt_osmbright/14/8721/5044.png":["assets/map/anholt_osmbright/14/8721/5044.png"],"assets/map/anholt_osmbright/14/8711/5044.png":["assets/map/anholt_osmbright/14/8711/5044.png"],"assets/map/anholt_osmbright/14/8719/5044.png":["assets/map/anholt_osmbright/14/8719/5044.png"],"assets/map/anholt_osmbright/14/8715/5044.png":["assets/map/anholt_osmbright/14/8715/5044.png"],"assets/map/anholt_osmbright/14/8727/5044.png":["assets/map/anholt_osmbright/14/8727/5044.png"],"assets/map/anholt_osmbright/14/8716/5044.png":["assets/map/anholt_osmbright/14/8716/5044.png"],"assets/map/anholt_osmbright/14/8725/5044.png":["assets/map/anholt_osmbright/14/8725/5044.png"],"assets/map/anholt_osmbright/14/8710/5044.png":["assets/map/anholt_osmbright/14/8710/5044.png"],"assets/map/anholt_osmbright/14/8713/5044.png":["assets/map/anholt_osmbright/14/8713/5044.png"],"assets/map/anholt_osmbright/14/8715/5045.png":["assets/map/anholt_osmbright/14/8715/5045.png"],"assets/map/anholt_osmbright/14/8710/5045.png":["assets/map/anholt_osmbright/14/8710/5045.png"],"assets/map/anholt_osmbright/14/8725/5045.png":["assets/map/anholt_osmbright/14/8725/5045.png"],"assets/map/anholt_osmbright/14/8717/5045.png":["assets/map/anholt_osmbright/14/8717/5045.png"],"assets/map/anholt_osmbright/14/8721/5045.png":["assets/map/anholt_osmbright/14/8721/5045.png"],"assets/map/anholt_osmbright/14/8720/5045.png":["assets/map/anholt_osmbright/14/8720/5045.png"],"assets/map/anholt_osmbright/14/8709/5045.png":["assets/map/anholt_osmbright/14/8709/5045.png"],"assets/map/anholt_osmbright/14/8727/5045.png":["assets/map/anholt_osmbright/14/8727/5045.png"],"assets/map/anholt_osmbright/14/8714/5045.png":["assets/map/anholt_osmbright/14/8714/5045.png"],"assets/map/anholt_osmbright/14/8724/5045.png":["assets/map/anholt_osmbright/14/8724/5045.png"],"assets/map/anholt_osmbright/14/8713/5045.png":["assets/map/anholt_osmbright/14/8713/5045.png"],"assets/map/anholt_osmbright/14/8711/5045.png":["assets/map/anholt_osmbright/14/8711/5045.png"],"assets/map/anholt_osmbright/14/8718/5045.png":["assets/map/anholt_osmbright/14/8718/5045.png"],"assets/map/anholt_osmbright/14/8726/5045.png":["assets/map/anholt_osmbright/14/8726/5045.png"],"assets/map/anholt_osmbright/14/8712/5045.png":["assets/map/anholt_osmbright/14/8712/5045.png"],"assets/map/anholt_osmbright/14/8723/5045.png":["assets/map/anholt_osmbright/14/8723/5045.png"],"assets/map/anholt_osmbright/14/8722/5045.png":["assets/map/anholt_osmbright/14/8722/5045.png"],"assets/map/anholt_osmbright/14/8716/5045.png":["assets/map/anholt_osmbright/14/8716/5045.png"],"assets/map/anholt_osmbright/14/8719/5045.png":["assets/map/anholt_osmbright/14/8719/5045.png"],"assets/map/anholt_osmbright/14/8716/5046.png":["assets/map/anholt_osmbright/14/8716/5046.png"],"assets/map/anholt_osmbright/14/8709/5046.png":["assets/map/anholt_osmbright/14/8709/5046.png"],"assets/map/anholt_osmbright/14/8721/5046.png":["assets/map/anholt_osmbright/14/8721/5046.png"],"assets/map/anholt_osmbright/14/8710/5046.png":["assets/map/anholt_osmbright/14/8710/5046.png"],"assets/map/anholt_osmbright/14/8727/5046.png":["assets/map/anholt_osmbright/14/8727/5046.png"],"assets/map/anholt_osmbright/14/8720/5046.png":["assets/map/anholt_osmbright/14/8720/5046.png"],"assets/map/anholt_osmbright/14/8723/5046.png":["assets/map/anholt_osmbright/14/8723/5046.png"],"assets/map/anholt_osmbright/14/8713/5046.png":["assets/map/anholt_osmbright/14/8713/5046.png"],"assets/map/anholt_osmbright/14/8711/5046.png":["assets/map/anholt_osmbright/14/8711/5046.png"],"assets/map/anholt_osmbright/14/8719/5046.png":["assets/map/anholt_osmbright/14/8719/5046.png"],"assets/map/anholt_osmbright/14/8712/5046.png":["assets/map/anholt_osmbright/14/8712/5046.png"],"assets/map/anholt_osmbright/14/8726/5046.png":["assets/map/anholt_osmbright/14/8726/5046.png"],"assets/map/anholt_osmbright/14/8718/5046.png":["assets/map/anholt_osmbright/14/8718/5046.png"],"assets/map/anholt_osmbright/14/8724/5046.png":["assets/map/anholt_osmbright/14/8724/5046.png"],"assets/map/anholt_osmbright/14/8722/5046.png":["assets/map/anholt_osmbright/14/8722/5046.png"],"assets/map/anholt_osmbright/14/8717/5046.png":["assets/map/anholt_osmbright/14/8717/5046.png"],"assets/map/anholt_osmbright/14/8714/5046.png":["assets/map/anholt_osmbright/14/8714/5046.png"],"assets/map/anholt_osmbright/14/8715/5046.png":["assets/map/anholt_osmbright/14/8715/5046.png"],"assets/map/anholt_osmbright/14/8725/5046.png":["assets/map/anholt_osmbright/14/8725/5046.png"],"assets/map/anholt_osmbright/14/8718/5047.png":["assets/map/anholt_osmbright/14/8718/5047.png"],"assets/map/anholt_osmbright/14/8719/5047.png":["assets/map/anholt_osmbright/14/8719/5047.png"],"assets/map/anholt_osmbright/14/8726/5047.png":["assets/map/anholt_osmbright/14/8726/5047.png"],"assets/map/anholt_osmbright/14/8713/5047.png":["assets/map/anholt_osmbright/14/8713/5047.png"],"assets/map/anholt_osmbright/14/8710/5047.png":["assets/map/anholt_osmbright/14/8710/5047.png"],"assets/map/anholt_osmbright/14/8724/5047.png":["assets/map/anholt_osmbright/14/8724/5047.png"],"assets/map/anholt_osmbright/14/8711/5047.png":["assets/map/anholt_osmbright/14/8711/5047.png"],"assets/map/anholt_osmbright/14/8722/5047.png":["assets/map/anholt_osmbright/14/8722/5047.png"],"assets/map/anholt_osmbright/14/8727/5047.png":["assets/map/anholt_osmbright/14/8727/5047.png"],"assets/map/anholt_osmbright/14/8714/5047.png":["assets/map/anholt_osmbright/14/8714/5047.png"],"assets/map/anholt_osmbright/14/8712/5047.png":["assets/map/anholt_osmbright/14/8712/5047.png"],"assets/map/anholt_osmbright/14/8717/5047.png":["assets/map/anholt_osmbright/14/8717/5047.png"],"assets/map/anholt_osmbright/14/8709/5047.png":["assets/map/anholt_osmbright/14/8709/5047.png"],"assets/map/anholt_osmbright/14/8715/5047.png":["assets/map/anholt_osmbright/14/8715/5047.png"],"assets/map/anholt_osmbright/14/8723/5047.png":["assets/map/anholt_osmbright/14/8723/5047.png"],"assets/map/anholt_osmbright/14/8725/5047.png":["assets/map/anholt_osmbright/14/8725/5047.png"],"assets/map/anholt_osmbright/14/8721/5047.png":["assets/map/anholt_osmbright/14/8721/5047.png"],"assets/map/anholt_osmbright/14/8720/5047.png":["assets/map/anholt_osmbright/14/8720/5047.png"],"assets/map/anholt_osmbright/14/8716/5047.png":["assets/map/anholt_osmbright/14/8716/5047.png"],"assets/map/anholt_osmbright/14/8723/5048.png":["assets/map/anholt_osmbright/14/8723/5048.png"],"assets/map/anholt_osmbright/14/8715/5048.png":["assets/map/anholt_osmbright/14/8715/5048.png"],"assets/map/anholt_osmbright/14/8724/5048.png":["assets/map/anholt_osmbright/14/8724/5048.png"],"assets/map/anholt_osmbright/14/8714/5048.png":["assets/map/anholt_osmbright/14/8714/5048.png"],"assets/map/anholt_osmbright/14/8717/5048.png":["assets/map/anholt_osmbright/14/8717/5048.png"],"assets/map/anholt_osmbright/14/8725/5048.png":["assets/map/anholt_osmbright/14/8725/5048.png"],"assets/map/anholt_osmbright/14/8713/5048.png":["assets/map/anholt_osmbright/14/8713/5048.png"],"assets/map/anholt_osmbright/14/8716/5048.png":["assets/map/anholt_osmbright/14/8716/5048.png"],"assets/map/anholt_osmbright/14/8718/5048.png":["assets/map/anholt_osmbright/14/8718/5048.png"],"assets/map/anholt_osmbright/14/8712/5048.png":["assets/map/anholt_osmbright/14/8712/5048.png"],"assets/map/anholt_osmbright/14/8719/5048.png":["assets/map/anholt_osmbright/14/8719/5048.png"],"assets/map/anholt_osmbright/14/8709/5048.png":["assets/map/anholt_osmbright/14/8709/5048.png"],"assets/map/anholt_osmbright/14/8721/5048.png":["assets/map/anholt_osmbright/14/8721/5048.png"],"assets/map/anholt_osmbright/14/8727/5048.png":["assets/map/anholt_osmbright/14/8727/5048.png"],"assets/map/anholt_osmbright/14/8710/5048.png":["assets/map/anholt_osmbright/14/8710/5048.png"],"assets/map/anholt_osmbright/14/8726/5048.png":["assets/map/anholt_osmbright/14/8726/5048.png"],"assets/map/anholt_osmbright/14/8711/5048.png":["assets/map/anholt_osmbright/14/8711/5048.png"],"assets/map/anholt_osmbright/14/8722/5048.png":["assets/map/anholt_osmbright/14/8722/5048.png"],"assets/map/anholt_osmbright/14/8720/5048.png":["assets/map/anholt_osmbright/14/8720/5048.png"],"assets/map/anholt_osmbright/14/8727/5049.png":["assets/map/anholt_osmbright/14/8727/5049.png"],"assets/map/anholt_osmbright/14/8711/5049.png":["assets/map/anholt_osmbright/14/8711/5049.png"],"assets/map/anholt_osmbright/14/8712/5049.png":["assets/map/anholt_osmbright/14/8712/5049.png"],"assets/map/anholt_osmbright/14/8723/5049.png":["assets/map/anholt_osmbright/14/8723/5049.png"],"assets/map/anholt_osmbright/14/8726/5049.png":["assets/map/anholt_osmbright/14/8726/5049.png"],"assets/map/anholt_osmbright/14/8715/5049.png":["assets/map/anholt_osmbright/14/8715/5049.png"],"assets/map/anholt_osmbright/14/8719/5049.png":["assets/map/anholt_osmbright/14/8719/5049.png"],"assets/map/anholt_osmbright/14/8710/5049.png":["assets/map/anholt_osmbright/14/8710/5049.png"],"assets/map/anholt_osmbright/14/8718/5049.png":["assets/map/anholt_osmbright/14/8718/5049.png"],"assets/map/anholt_osmbright/14/8713/5049.png":["assets/map/anholt_osmbright/14/8713/5049.png"],"assets/map/anholt_osmbright/14/8720/5049.png":["assets/map/anholt_osmbright/14/8720/5049.png"],"assets/map/anholt_osmbright/14/8722/5049.png":["assets/map/anholt_osmbright/14/8722/5049.png"],"assets/map/anholt_osmbright/14/8725/5049.png":["assets/map/anholt_osmbright/14/8725/5049.png"],"assets/map/anholt_osmbright/14/8709/5049.png":["assets/map/anholt_osmbright/14/8709/5049.png"],"assets/map/anholt_osmbright/14/8716/5049.png":["assets/map/anholt_osmbright/14/8716/5049.png"],"assets/map/anholt_osmbright/14/8714/5049.png":["assets/map/anholt_osmbright/14/8714/5049.png"],"assets/map/anholt_osmbright/14/8721/5049.png":["assets/map/anholt_osmbright/14/8721/5049.png"],"assets/map/anholt_osmbright/14/8724/5049.png":["assets/map/anholt_osmbright/14/8724/5049.png"],"assets/map/anholt_osmbright/14/8717/5049.png":["assets/map/anholt_osmbright/14/8717/5049.png"],"packages/cupertino_icons/assets/CupertinoIcons.ttf":["packages/cupertino_icons/assets/CupertinoIcons.ttf"]}